[{"model": "foodcartapp.restaurant", "pk": 1, "fields": {"name": "Star Burger Арбат", "address": "Москва, ул. Новый Арбат, 15", "contact_phone": "+7 (967) 157-44-13"}}, {"model": "foodcartapp.restaurant", "pk": 2, "fields": {"name": "Star Burger Цветной", "address": "Москва, Цветной бульвар, 11с2", "contact_phone": "+7 (929) 949-55-36"}}, {"model": "foodcartapp.restaurant", "pk": 3, "fields": {"name": "Star Burger Европейский", "address": "Москва, пл. Киевского Вокзала, 2", "contact_phone": "+7 (929) 680-47-58"}}, {"model": "foodcartapp.productcategory", "pk": 1, "fields": {"name": "Бургер"}}, {"model": "foodcartapp.productcategory", "pk": 2, "fields": {"name": "Ролл"}}, {"model": "foodcartapp.product", "pk": 1, "fields": {"name": "Стейкхаус", "category": 1, "price": "269.00", "image": "steak.jpg", "special_status": false, "description": "Стейкхаус – это сочетание нашей фирменной, приготовленной на огне 100% говядины с ломтиками бекона и соусом «Барбекю», майонезом, листьями свежего салата, помидором и хрустящим луком на воздушной булочке, посыпанной кукурузной крошкой."}}, {"model": "foodcartapp.product", "pk": 2, "fields": {"name": "Лонг Чизбургер", "category": 1, "price": "219.00", "image": "long_chiz.jpg", "special_status": false, "description": "Лонг Чизбургер – эталон в коллекции чизбургеров! Два приготовленных на огне бифштекса с двумя ломтиками слегка расплавленного сыра, хрустящими огурчиками, рубленым луком, горчицей и кетчупом на длинной подрумяненной булочке с кунжутом."}}, {"model": "foodcartapp.product", "pk": 3, "fields": {"name": "Тройной Воппер", "category": 1, "price": "369.00", "image": "triple_vopper.jpg", "special_status": false, "description": "ВОППЕР® — это вкуснейшая приготовленная на огне 100% говядина с сочными помидорами, свежим нарезанным листовым салатом, густым майонезом, хрустящими маринованными огурчиками и свежим луком на нежной булочке с кунжутом."}}, {"model": "foodcartapp.product", "pk": 4, "fields": {"name": "Беконайзер", "category": 1, "price": "319.00", "image": "beconizer.jpg", "special_status": false, "description": "Встречай самый внушительный бургер в коллекции Бургер Кинг. Много мяса, много бекона и много сыра - все, как ты любишь, и ничего лишнего!"}}, {"model": "foodcartapp.product", "pk": 5, "fields": {"name": "Фиш Ролл", "category": 2, "price": "199.00", "image": "fish_roll.jpg", "special_status": false, "description": "Наш новый ролл с аппетитной котлеткой из филе белой рыбы, с фирменным соусом, маринованными огурчиками и хрустящим салатом. Легкое рыбное удовольствие!"}}, {"model": "foodcartapp.product", "pk": 6, "fields": {"name": "Шримп Ролл", "category": 2, "price": "209.00", "image": "shrimp_roll.jpg", "special_status": false, "description": "Легкий ролл с нежными королевскими креветками в хрустящей панировке, свежий салат Айсберг и ломтик сыра в пшеничной лепешке под фирменным соусом «Кинг». Внимание! Блюдо содержит аллергены – морепродукты."}}, {"model": "foodcartapp.restaurantmenuitem", "pk": 1, "fields": {"restaurant": 1, "product": 6, "availability": true}}, {"model": "foodcartapp.restaurantmenuitem", "pk": 2, "fields": {"restaurant": 1, "product": 5, "availability": true}}, {"model": "foodcartapp.restaurantmenuitem", "pk": 3, "fields": {"restaurant": 2, "product": 4, "availability": true}}, {"model": "foodcartapp.restaurantmenuitem", "pk": 4, "fields": {"restaurant": 3, "product": 3, "availability": true}}, {"model": "foodcartapp.restaurantmenuitem", "pk": 5, "fields": {"restaurant": 3, "product": 2, "availability": true}}, {"model": "foodcartapp.restaurantmenuitem", "pk": 6, "fields": {"restaurant": 1, "product": 1, "availability": true}}, {"model": "foodcartapp.restaurantmenuitem", "pk": 7, "fields": {"restaurant": 2, "product": 1, "availability": true}}, {"model": "foodcartapp.restaurantmenuitem", "pk": 8, "fields": {"restaurant": 3, "product": 1, "availability": true}}, {"model": "foodcartapp.restaurantmenuitem", "pk": 9, "fields": {"restaurant": 3, "product": 4, "availability": true}}, {"model": "foodcartapp.restaurantmenuitem", "pk": 10, "fields": {"restaurant": 2, "product": 3, "availability": true}}, {"model": "foodcartapp.restaurantmenuitem", "pk": 11, "fields": {"restaurant": 1, "product": 2, "availability": true}}, {"model": "foodcartapp.order", "pk": 1, "fields": {"status": "unprocessed", "address": "г. Астрахань, ул. Домовая, д. 42", "firstname": "Марина", "lastname": "Фролова", "phonenumber": "+79289993322", "comment": "", "registered_at": "2025-03-20T22:23:13Z", "called_at": null, "delivered_at": null, "payment_method": "in_cash", "restaurant": null}}, {"model": "foodcartapp.order", "pk": 2, "fields": {"status": "unprocessed", "address": "Москва, Цветной бульвар, 11с2", "firstname": "MFDA", "lastname": "Сементьев", "phonenumber": "+79289993322", "comment": "", "registered_at": "2025-03-20T22:23:13Z", "called_at": null, "delivered_at": null, "payment_method": "in_cash", "restaurant": null}}, {"model": "foodcartapp.order", "pk": 3, "fields": {"status": "unprocessed", "address": "Москва, Цветной бульвар, 11с2", "firstname": "Марина", "lastname": "SO", "phonenumber": "+79289993322", "comment": "-", "registered_at": "2025-03-20T22:23:13.103Z", "called_at": null, "delivered_at": null, "payment_method": "in_cash", "restaurant": null}}, {"model": "foodcartapp.order", "pk": 5, "fields": {"status": "unprocessed", "address": "Москва, Цветной бульвар, 11с2", "firstname": "Анюта", "lastname": "Фемили", "phonenumber": "+79289993322", "comment": "-", "registered_at": "2025-03-20T22:23:13.103Z", "called_at": null, "delivered_at": null, "payment_method": "in_cash", "restaurant": null}}, {"model": "foodcartapp.order", "pk": 6, "fields": {"status": "unprocessed", "address": "г. Астрахань, ул. Домовая, д. 42", "firstname": "Люля", "lastname": "Шашлычнов", "phonenumber": "+79281231122", "comment": "-", "registered_at": "2025-03-20T22:23:13.103Z", "called_at": null, "delivered_at": null, "payment_method": "in_cash", "restaurant": null}}, {"model": "foodcartapp.order", "pk": 7, "fields": {"status": "unprocessed", "address": "Москва, Цветной бульвар, 11с2", "firstname": "Леха", "lastname": "Андерков", "phonenumber": "+79281231122", "comment": "-", "registered_at": "2025-03-20T22:23:13.103Z", "called_at": null, "delivered_at": null, "payment_method": "in_cash", "restaurant": null}}, {"model": "foodcartapp.order", "pk": 8, "fields": {"status": "unprocessed", "address": "Москва, Цветной бульвар, 11с2", "firstname": "Шторм", "lastname": "Любов", "phonenumber": "+79289993322", "comment": "-", "registered_at": "2025-03-20T22:23:13.103Z", "called_at": null, "delivered_at": null, "payment_method": "in_cash", "restaurant": null}}, {"model": "foodcartapp.order", "pk": 9, "fields": {"status": "unprocessed", "address": "г. Астрахань, ул. Домовая, д. 42", "firstname": "Антип", "lastname": "Антипов", "phonenumber": "+79289993322", "comment": "-", "registered_at": "2025-03-20T22:23:13.103Z", "called_at": null, "delivered_at": null, "payment_method": "in_cash", "restaurant": null}}, {"model": "foodcartapp.order", "pk": 10, "fields": {"status": "unprocessed", "address": "г. Астрахань, ул. Домовая, д. 42", "firstname": "Кудри", "lastname": "Мудров", "phonenumber": "+79289993322", "comment": "-", "registered_at": "2025-03-20T22:23:13.103Z", "called_at": null, "delivered_at": null, "payment_method": "in_cash", "restaurant": null}}, {"model": "foodcartapp.order", "pk": 11, "fields": {"status": "order collected", "address": "г. Астрахань, ул. Домовая, д. 42", "firstname": "Къаз", "lastname": "Наме", "phonenumber": "+79289993322", "comment": "", "registered_at": "2025-03-20T22:43:33Z", "called_at": "2025-03-20T22:46:24Z", "delivered_at": null, "payment_method": "in_cash", "restaurant": null}}, {"model": "foodcartapp.order", "pk": 12, "fields": {"status": "unprocessed", "address": "Москва, Цветной бульвар, 11с2", "firstname": "Ошибка", "lastname": "Фамилия", "phonenumber": "+79289993322", "comment": "-", "registered_at": "2025-03-20T22:45:20.963Z", "called_at": null, "delivered_at": null, "payment_method": "in_cash", "restaurant": null}}, {"model": "foodcartapp.order", "pk": 13, "fields": {"status": "unprocessed", "address": "г. Москва, ул. Звездный бульвар, д. 25", "firstname": "Контора", "lastname": "Какая-то", "phonenumber": "+79289993322", "comment": "", "registered_at": "2025-03-27T13:50:23Z", "called_at": null, "delivered_at": null, "payment_method": "in_cash", "restaurant": null}}, {"model": "foodcartapp.order", "pk": 14, "fields": {"status": "unprocessed", "address": "г. Москва, Пятницкая улица, 71/5с4", "firstname": "Гиро", "lastname": "Негиро", "phonenumber": "+79891112233", "comment": "-", "registered_at": "2025-04-09T12:35:13.021Z", "called_at": null, "delivered_at": null, "payment_method": "in_cash", "restaurant": null}}, {"model": "foodcartapp.order", "pk": 15, "fields": {"status": "unprocessed", "address": "г. Москва, Пятницкая улица, 71/5с4", "firstname": "Костя", "lastname": "Дзю", "phonenumber": "+79289993322", "comment": "", "registered_at": "2025-04-09T13:25:31.775Z", "called_at": null, "delivered_at": null, "payment_method": "in_cash", "restaurant": null}}, {"model": "foodcartapp.orderelement", "pk": 1, "fields": {"order": 1, "product": 1, "quantity": 1, "price": "269.00"}}, {"model": "foodcartapp.orderelement", "pk": 2, "fields": {"order": 1, "product": 2, "quantity": 1, "price": "219.00"}}, {"model": "foodcartapp.orderelement", "pk": 3, "fields": {"order": 1, "product": 3, "quantity": 1, "price": "369.00"}}, {"model": "foodcartapp.orderelement", "pk": 4, "fields": {"order": 1, "product": 4, "quantity": 3, "price": "957.00"}}, {"model": "foodcartapp.orderelement", "pk": 5, "fields": {"order": 2, "product": 5, "quantity": 1, "price": "199.00"}}, {"model": "foodcartapp.orderelement", "pk": 6, "fields": {"order": 3, "product": 1, "quantity": 1, "price": "269.00"}}, {"model": "foodcartapp.orderelement", "pk": 8, "fields": {"order": 5, "product": 2, "quantity": 1, "price": "219.00"}}, {"model": "foodcartapp.orderelement", "pk": 9, "fields": {"order": 6, "product": 4, "quantity": 1, "price": "319.00"}}, {"model": "foodcartapp.orderelement", "pk": 10, "fields": {"order": 7, "product": 3, "quantity": 1, "price": "369.00"}}, {"model": "foodcartapp.orderelement", "pk": 11, "fields": {"order": 8, "product": 2, "quantity": 1, "price": "219.00"}}, {"model": "foodcartapp.orderelement", "pk": 12, "fields": {"order": 9, "product": 1, "quantity": 1, "price": "269.00"}}, {"model": "foodcartapp.orderelement", "pk": 13, "fields": {"order": 10, "product": 2, "quantity": 2, "price": "438.00"}}, {"model": "foodcartapp.orderelement", "pk": 14, "fields": {"order": 10, "product": 3, "quantity": 3, "price": "1107.00"}}, {"model": "foodcartapp.orderelement", "pk": 15, "fields": {"order": 10, "product": 1, "quantity": 1, "price": "269.00"}}, {"model": "foodcartapp.orderelement", "pk": 19, "fields": {"order": 11, "product": 2, "quantity": 1, "price": "219.00"}}, {"model": "foodcartapp.orderelement", "pk": 20, "fields": {"order": 11, "product": 1, "quantity": 1, "price": "269.00"}}, {"model": "foodcartapp.orderelement", "pk": 21, "fields": {"order": 11, "product": 3, "quantity": 2, "price": "738.00"}}, {"model": "foodcartapp.orderelement", "pk": 22, "fields": {"order": 12, "product": 3, "quantity": 1, "price": "369.00"}}, {"model": "foodcartapp.orderelement", "pk": 23, "fields": {"order": 12, "product": 2, "quantity": 2, "price": "438.00"}}, {"model": "foodcartapp.orderelement", "pk": 24, "fields": {"order": 13, "product": 1, "quantity": 1, "price": "269.00"}}, {"model": "foodcartapp.orderelement", "pk": 25, "fields": {"order": 13, "product": 2, "quantity": 1, "price": "219.00"}}, {"model": "foodcartapp.orderelement", "pk": 26, "fields": {"order": 13, "product": 3, "quantity": 2, "price": "369.00"}}, {"model": "foodcartapp.orderelement", "pk": 27, "fields": {"order": 14, "product": 3, "quantity": 1, "price": "369.00"}}, {"model": "foodcartapp.orderelement", "pk": 28, "fields": {"order": 14, "product": 2, "quantity": 2, "price": "438.00"}}, {"model": "foodcartapp.orderelement", "pk": 29, "fields": {"order": 15, "product": 1, "quantity": 1, "price": "269.00"}}, {"model": "foodcartapp.orderelement", "pk": 30, "fields": {"order": 15, "product": 4, "quantity": 2, "price": "638.00"}}, {"model": "contenttypes.contenttype", "fields": {"app_label": "foodcartapp", "model": "product"}}, {"model": "contenttypes.contenttype", "fields": {"app_label": "foodcartapp", "model": "restaurant"}}, {"model": "contenttypes.contenttype", "fields": {"app_label": "foodcartapp", "model": "restaurantmenuitem"}}, {"model": "contenttypes.contenttype", "fields": {"app_label": "foodcartapp", "model": "productcategory"}}, {"model": "contenttypes.contenttype", "fields": {"app_label": "foodcartapp", "model": "order"}}, {"model": "contenttypes.contenttype", "fields": {"app_label": "foodcartapp", "model": "orderelement"}}, {"model": "contenttypes.contenttype", "fields": {"app_label": "admin", "model": "logentry"}}, {"model": "contenttypes.contenttype", "fields": {"app_label": "auth", "model": "permission"}}, {"model": "contenttypes.contenttype", "fields": {"app_label": "auth", "model": "group"}}, {"model": "contenttypes.contenttype", "fields": {"app_label": "auth", "model": "user"}}, {"model": "contenttypes.contenttype", "fields": {"app_label": "contenttypes", "model": "contenttype"}}, {"model": "contenttypes.contenttype", "fields": {"app_label": "sessions", "model": "session"}}, {"model": "contenttypes.contenttype", "fields": {"app_label": "places", "model": "place"}}, {"model": "sessions.session", "pk": "ku5u6298xrhmgqjoh0zs3mfw5wmps1df", "fields": {"session_data": ".eJxVjMsOwiAQRf-FtSE8hgIu3fsNZIaHVA0kpV0Z_12bdKHbe865LxZwW2vYRl7CnNiZSXb63QjjI7cdpDu2W-ext3WZie8KP-jg157y83K4fwcVR_3WqCJoYwliESKBtyCdsYDaC6OFkrLEjJ5IgALK2sDktI8OSlao_JTY-wO_nzcI:1u9kb6:sj2ekgy4ZlRgE6CbatIKvP4V2UecFUBOYVgCyFhtyzI", "expire_date": "2025-05-13T13:02:04.148Z"}}, {"model": "sessions.session", "pk": "l73cvncdcemuailpzj3d8f6moy5dmild", "fields": {"session_data": ".eJxVjMsOwiAQRf-FtSE8hgIu3fsNZIaHVA0kpV0Z_12bdKHbe865LxZwW2vYRl7CnNiZSXb63QjjI7cdpDu2W-ext3WZie8KP-jg157y83K4fwcVR_3WqCJoYwliESKBtyCdsYDaC6OFkrLEjJ5IgALK2sDktI8OSlao_JTY-wO_nzcI:1tubGi:GWrCl7LvBDvnOB-pxmoh8XzZJ-CPH2-ZMOCZfyIwrUE", "expire_date": "2025-04-01T18:02:24.460Z"}}, {"model": "sessions.session", "pk": "pp8oyjk8lpvn90aftbpe8ztvfc7b1huu", "fields": {"session_data": ".eJxVjMsOwiAQRf-FtSE8hgIu3fsNZIaHVA0kpV0Z_12bdKHbe865LxZwW2vYRl7CnNiZSXb63QjjI7cdpDu2W-ext3WZie8KP-jg157y83K4fwcVR_3WqCJoYwliESKBtyCdsYDaC6OFkrLEjJ5IgALK2sDktI8OSlao_JTY-wO_nzcI:1u0lne:rORG99A75hxmVvH-FgmoE_BqjF3AWUKWJs-ZF-ZmeXQ", "expire_date": "2025-04-18T18:29:54.565Z"}}, {"model": "sessions.session", "pk": "q5t107cs2eg048dfpq2yq40hut59424q", "fields": {"session_data": ".eJxVjMsOwiAQRf-FtSE8hgIu3fsNZIaHVA0kpV0Z_12bdKHbe865LxZwW2vYRl7CnNiZSXb63QjjI7cdpDu2W-ext3WZie8KP-jg157y83K4fwcVR_3WqCJoYwliESKBtyCdsYDaC6OFkrLEjJ5IgALK2sDktI8OSlao_JTY-wO_nzcI:1u9kwv:RNWMrtorE0rsDp-h90OHrh__1dNQeoOIYXtmYhzBYGI", "expire_date": "2025-05-13T13:24:37.170Z"}}, {"model": "sessions.session", "pk": "r6y72szpatr4pl3udy7phas629hu9lpw", "fields": {"session_data": ".eJxVjMsOwiAQRf-FtSE8hgIu3fsNZIaHVA0kpV0Z_12bdKHbe865LxZwW2vYRl7CnNiZSXb63QjjI7cdpDu2W-ext3WZie8KP-jg157y83K4fwcVR_3WqCJoYwliESKBtyCdsYDaC6OFkrLEjJ5IgALK2sDktI8OSlao_JTY-wO_nzcI:1tvOIe:r46Zjq4Nc4wGh3-PlJESlhREUtcgEyS8awbGh5Lf980", "expire_date": "2025-04-03T22:23:40.498Z"}}, {"model": "sessions.session", "pk": "ujajqq7p4sf78xzbj3ht2zk3ejjcfr3g", "fields": {"session_data": ".eJxVjMsOwiAQRf-FtSE8hgIu3fsNZIaHVA0kpV0Z_12bdKHbe865LxZwW2vYRl7CnNiZSXb63QjjI7cdpDu2W-ext3WZie8KP-jg157y83K4fwcVR_3WqCJoYwliESKBtyCdsYDaC6OFkrLEjJ5IgALK2sDktI8OSlao_JTY-wO_nzcI:1uJy12:rYDTuyFFZm0oKaxhX7aUZS5rcICQuNL1En_iRu9nBls", "expire_date": "2025-06-10T17:23:04.360Z"}}, {"model": "places.place", "pk": 14, "fields": {"address": "г. Астрахань, ул. Домовая, д. 42", "lng": "48.03", "lat": "46.35", "date": "2025-04-07T20:52:01.332Z"}}, {"model": "places.place", "pk": 15, "fields": {"address": "Москва, Цветной бульвар, 11с2", "lng": "71.73", "lat": "39.09", "date": "2025-04-07T20:52:01.609Z"}}, {"model": "places.place", "pk": 16, "fields": {"address": "Москва, пл. Киевского Вокзала, 2", "lng": "-116.49", "lat": "43.69", "date": "2025-04-07T20:52:01.832Z"}}, {"model": "places.place", "pk": 17, "fields": {"address": "Москва, ул. Новый Арбат, 15", "lng": "44.40", "lat": "40.14", "date": "2025-04-07T20:52:02.084Z"}}, {"model": "places.place", "pk": 18, "fields": {"address": "г. Москва, ул. Звездный бульвар, д. 25", "lng": "37.62", "lat": "55.81", "date": "2025-04-07T20:52:02.703Z"}}, {"model": "places.place", "pk": 19, "fields": {"address": "г. Москва, Пятницкая улица, 71/5с4", "lng": "37.63", "lat": "55.73", "date": "2025-04-09T12:35:46.241Z"}}, {"model": "auth.permission", "fields": {"name": "Can add товар", "content_type": ["foodcartapp", "product"], "codename": "add_product"}}, {"model": "auth.permission", "fields": {"name": "Can change товар", "content_type": ["foodcartapp", "product"], "codename": "change_product"}}, {"model": "auth.permission", "fields": {"name": "Can delete товар", "content_type": ["foodcartapp", "product"], "codename": "delete_product"}}, {"model": "auth.permission", "fields": {"name": "Can view товар", "content_type": ["foodcartapp", "product"], "codename": "view_product"}}, {"model": "auth.permission", "fields": {"name": "Can add ресторан", "content_type": ["foodcartapp", "restaurant"], "codename": "add_restaurant"}}, {"model": "auth.permission", "fields": {"name": "Can change ресторан", "content_type": ["foodcartapp", "restaurant"], "codename": "change_restaurant"}}, {"model": "auth.permission", "fields": {"name": "Can delete ресторан", "content_type": ["foodcartapp", "restaurant"], "codename": "delete_restaurant"}}, {"model": "auth.permission", "fields": {"name": "Can view ресторан", "content_type": ["foodcartapp", "restaurant"], "codename": "view_restaurant"}}, {"model": "auth.permission", "fields": {"name": "Can add пункт меню ресторана", "content_type": ["foodcartapp", "restaurantmenuitem"], "codename": "add_restaurantmenuitem"}}, {"model": "auth.permission", "fields": {"name": "Can change пункт меню ресторана", "content_type": ["foodcartapp", "restaurantmenuitem"], "codename": "change_restaurantmenuitem"}}, {"model": "auth.permission", "fields": {"name": "Can delete пункт меню ресторана", "content_type": ["foodcartapp", "restaurantmenuitem"], "codename": "delete_restaurantmenuitem"}}, {"model": "auth.permission", "fields": {"name": "Can view пункт меню ресторана", "content_type": ["foodcartapp", "restaurantmenuitem"], "codename": "view_restaurantmenuitem"}}, {"model": "auth.permission", "fields": {"name": "Can add категория", "content_type": ["foodcartapp", "productcategory"], "codename": "add_productcategory"}}, {"model": "auth.permission", "fields": {"name": "Can change категория", "content_type": ["foodcartapp", "productcategory"], "codename": "change_productcategory"}}, {"model": "auth.permission", "fields": {"name": "Can delete категория", "content_type": ["foodcartapp", "productcategory"], "codename": "delete_productcategory"}}, {"model": "auth.permission", "fields": {"name": "Can view категория", "content_type": ["foodcartapp", "productcategory"], "codename": "view_productcategory"}}, {"model": "auth.permission", "fields": {"name": "Can add заказ", "content_type": ["foodcartapp", "order"], "codename": "add_order"}}, {"model": "auth.permission", "fields": {"name": "Can change заказ", "content_type": ["foodcartapp", "order"], "codename": "change_order"}}, {"model": "auth.permission", "fields": {"name": "Can delete заказ", "content_type": ["foodcartapp", "order"], "codename": "delete_order"}}, {"model": "auth.permission", "fields": {"name": "Can view заказ", "content_type": ["foodcartapp", "order"], "codename": "view_order"}}, {"model": "auth.permission", "fields": {"name": "Can add элемент заказа", "content_type": ["foodcartapp", "orderelement"], "codename": "add_orderelement"}}, {"model": "auth.permission", "fields": {"name": "Can change элемент заказа", "content_type": ["foodcartapp", "orderelement"], "codename": "change_orderelement"}}, {"model": "auth.permission", "fields": {"name": "Can delete элемент заказа", "content_type": ["foodcartapp", "orderelement"], "codename": "delete_orderelement"}}, {"model": "auth.permission", "fields": {"name": "Can view элемент заказа", "content_type": ["foodcartapp", "orderelement"], "codename": "view_orderelement"}}, {"model": "auth.permission", "fields": {"name": "Can add log entry", "content_type": ["admin", "logentry"], "codename": "add_logentry"}}, {"model": "auth.permission", "fields": {"name": "Can change log entry", "content_type": ["admin", "logentry"], "codename": "change_logentry"}}, {"model": "auth.permission", "fields": {"name": "Can delete log entry", "content_type": ["admin", "logentry"], "codename": "delete_logentry"}}, {"model": "auth.permission", "fields": {"name": "Can view log entry", "content_type": ["admin", "logentry"], "codename": "view_logentry"}}, {"model": "auth.permission", "fields": {"name": "Can add permission", "content_type": ["auth", "permission"], "codename": "add_permission"}}, {"model": "auth.permission", "fields": {"name": "Can change permission", "content_type": ["auth", "permission"], "codename": "change_permission"}}, {"model": "auth.permission", "fields": {"name": "Can delete permission", "content_type": ["auth", "permission"], "codename": "delete_permission"}}, {"model": "auth.permission", "fields": {"name": "Can view permission", "content_type": ["auth", "permission"], "codename": "view_permission"}}, {"model": "auth.permission", "fields": {"name": "Can add group", "content_type": ["auth", "group"], "codename": "add_group"}}, {"model": "auth.permission", "fields": {"name": "Can change group", "content_type": ["auth", "group"], "codename": "change_group"}}, {"model": "auth.permission", "fields": {"name": "Can delete group", "content_type": ["auth", "group"], "codename": "delete_group"}}, {"model": "auth.permission", "fields": {"name": "Can view group", "content_type": ["auth", "group"], "codename": "view_group"}}, {"model": "auth.permission", "fields": {"name": "Can add user", "content_type": ["auth", "user"], "codename": "add_user"}}, {"model": "auth.permission", "fields": {"name": "Can change user", "content_type": ["auth", "user"], "codename": "change_user"}}, {"model": "auth.permission", "fields": {"name": "Can delete user", "content_type": ["auth", "user"], "codename": "delete_user"}}, {"model": "auth.permission", "fields": {"name": "Can view user", "content_type": ["auth", "user"], "codename": "view_user"}}, {"model": "auth.permission", "fields": {"name": "Can add content type", "content_type": ["contenttypes", "contenttype"], "codename": "add_contenttype"}}, {"model": "auth.permission", "fields": {"name": "Can change content type", "content_type": ["contenttypes", "contenttype"], "codename": "change_contenttype"}}, {"model": "auth.permission", "fields": {"name": "Can delete content type", "content_type": ["contenttypes", "contenttype"], "codename": "delete_contenttype"}}, {"model": "auth.permission", "fields": {"name": "Can view content type", "content_type": ["contenttypes", "contenttype"], "codename": "view_contenttype"}}, {"model": "auth.permission", "fields": {"name": "Can add session", "content_type": ["sessions", "session"], "codename": "add_session"}}, {"model": "auth.permission", "fields": {"name": "Can change session", "content_type": ["sessions", "session"], "codename": "change_session"}}, {"model": "auth.permission", "fields": {"name": "Can delete session", "content_type": ["sessions", "session"], "codename": "delete_session"}}, {"model": "auth.permission", "fields": {"name": "Can view session", "content_type": ["sessions", "session"], "codename": "view_session"}}, {"model": "auth.permission", "fields": {"name": "Can add место", "content_type": ["places", "place"], "codename": "add_place"}}, {"model": "auth.permission", "fields": {"name": "Can change место", "content_type": ["places", "place"], "codename": "change_place"}}, {"model": "auth.permission", "fields": {"name": "Can delete место", "content_type": ["places", "place"], "codename": "delete_place"}}, {"model": "auth.permission", "fields": {"name": "Can view место", "content_type": ["places", "place"], "codename": "view_place"}}, {"model": "auth.user", "fields": {"password": "pbkdf2_sha256$260000$X2ereZ1piZcvPB5z1bJgIL$b7mEUUSbfP1cMppDdatEa5ZRycpojLevT61h8cVmSxo=", "last_login": "2025-05-27T17:23:04.310Z", "is_superuser": true, "username": "admin", "first_name": "", "last_name": "", "email": "admin@admin.ru", "is_staff": true, "is_active": true, "date_joined": "2025-03-18T18:00:14.851Z", "groups": [], "user_permissions": []}}, {"model": "admin.logentry", "pk": 1, "fields": {"action_time": "2025-03-18T18:02:40.123Z", "user": ["admin"], "content_type": ["foodcartapp", "product"], "object_id": "6", "object_repr": "Шримп Ролл", "action_flag": 2, "change_message": "[{\"added\": {\"name\": \"\\u043f\\u0443\\u043d\\u043a\\u0442 \\u043c\\u0435\\u043d\\u044e \\u0440\\u0435\\u0441\\u0442\\u043e\\u0440\\u0430\\u043d\\u0430\", \"object\": \"Star Burger \\u0410\\u0440\\u0431\\u0430\\u0442 - \\u0428\\u0440\\u0438\\u043c\\u043f \\u0420\\u043e\\u043b\\u043b\"}}]"}}, {"model": "admin.logentry", "pk": 2, "fields": {"action_time": "2025-03-18T18:02:47.212Z", "user": ["admin"], "content_type": ["foodcartapp", "product"], "object_id": "5", "object_repr": "Фиш Ролл", "action_flag": 2, "change_message": "[{\"added\": {\"name\": \"\\u043f\\u0443\\u043d\\u043a\\u0442 \\u043c\\u0435\\u043d\\u044e \\u0440\\u0435\\u0441\\u0442\\u043e\\u0440\\u0430\\u043d\\u0430\", \"object\": \"Star Burger \\u0410\\u0440\\u0431\\u0430\\u0442 - \\u0424\\u0438\\u0448 \\u0420\\u043e\\u043b\\u043b\"}}]"}}, {"model": "admin.logentry", "pk": 3, "fields": {"action_time": "2025-03-18T18:02:54.519Z", "user": ["admin"], "content_type": ["foodcartapp", "product"], "object_id": "4", "object_repr": "Беконайзер", "action_flag": 2, "change_message": "[{\"added\": {\"name\": \"\\u043f\\u0443\\u043d\\u043a\\u0442 \\u043c\\u0435\\u043d\\u044e \\u0440\\u0435\\u0441\\u0442\\u043e\\u0440\\u0430\\u043d\\u0430\", \"object\": \"Star Burger \\u0426\\u0432\\u0435\\u0442\\u043d\\u043e\\u0439 - \\u0411\\u0435\\u043a\\u043e\\u043d\\u0430\\u0439\\u0437\\u0435\\u0440\"}}]"}}, {"model": "admin.logentry", "pk": 4, "fields": {"action_time": "2025-03-18T18:03:01.682Z", "user": ["admin"], "content_type": ["foodcartapp", "product"], "object_id": "3", "object_repr": "Тройной Воппер", "action_flag": 2, "change_message": "[{\"added\": {\"name\": \"\\u043f\\u0443\\u043d\\u043a\\u0442 \\u043c\\u0435\\u043d\\u044e \\u0440\\u0435\\u0441\\u0442\\u043e\\u0440\\u0430\\u043d\\u0430\", \"object\": \"Star Burger \\u0415\\u0432\\u0440\\u043e\\u043f\\u0435\\u0439\\u0441\\u043a\\u0438\\u0439 - \\u0422\\u0440\\u043e\\u0439\\u043d\\u043e\\u0439 \\u0412\\u043e\\u043f\\u043f\\u0435\\u0440\"}}]"}}, {"model": "admin.logentry", "pk": 5, "fields": {"action_time": "2025-03-18T18:03:13.860Z", "user": ["admin"], "content_type": ["foodcartapp", "product"], "object_id": "2", "object_repr": "Лонг Чизбургер", "action_flag": 2, "change_message": "[{\"added\": {\"name\": \"\\u043f\\u0443\\u043d\\u043a\\u0442 \\u043c\\u0435\\u043d\\u044e \\u0440\\u0435\\u0441\\u0442\\u043e\\u0440\\u0430\\u043d\\u0430\", \"object\": \"Star Burger \\u0415\\u0432\\u0440\\u043e\\u043f\\u0435\\u0439\\u0441\\u043a\\u0438\\u0439 - \\u041b\\u043e\\u043d\\u0433 \\u0427\\u0438\\u0437\\u0431\\u0443\\u0440\\u0433\\u0435\\u0440\"}}]"}}, {"model": "admin.logentry", "pk": 6, "fields": {"action_time": "2025-03-18T18:03:20.928Z", "user": ["admin"], "content_type": ["foodcartapp", "product"], "object_id": "1", "object_repr": "Стейкхаус", "action_flag": 2, "change_message": "[{\"added\": {\"name\": \"\\u043f\\u0443\\u043d\\u043a\\u0442 \\u043c\\u0435\\u043d\\u044e \\u0440\\u0435\\u0441\\u0442\\u043e\\u0440\\u0430\\u043d\\u0430\", \"object\": \"Star Burger \\u0410\\u0440\\u0431\\u0430\\u0442 - \\u0421\\u0442\\u0435\\u0439\\u043a\\u0445\\u0430\\u0443\\u0441\"}}]"}}, {"model": "admin.logentry", "pk": 7, "fields": {"action_time": "2025-03-18T18:04:57.968Z", "user": ["admin"], "content_type": ["foodcartapp", "order"], "object_id": "2", "object_repr": "MFDA Сементьев Москва, Цветной бульвар, 11с2", "action_flag": 1, "change_message": "[{\"added\": {}}, {\"added\": {\"name\": \"\\u044d\\u043b\\u0435\\u043c\\u0435\\u043d\\u0442 \\u0437\\u0430\\u043a\\u0430\\u0437\\u0430\", \"object\": \"\\u0424\\u0438\\u0448 \\u0420\\u043e\\u043b\\u043b\"}}]"}}, {"model": "admin.logentry", "pk": 8, "fields": {"action_time": "2025-03-18T18:18:27.176Z", "user": ["admin"], "content_type": ["foodcartapp", "order"], "object_id": "2", "object_repr": "MFDA Сементьев Москва, Цветной бульвар, 11с2", "action_flag": 2, "change_message": "[{\"changed\": {\"name\": \"\\u044d\\u043b\\u0435\\u043c\\u0435\\u043d\\u0442 \\u0437\\u0430\\u043a\\u0430\\u0437\\u0430\", \"object\": \"\\u0424\\u0438\\u0448 \\u0420\\u043e\\u043b\\u043b\", \"fields\": [\"\\u041a\\u043e\\u043b\\u0438\\u0447\\u0435\\u0441\\u0442\\u0432\\u043e\"]}}]"}}, {"model": "admin.logentry", "pk": 9, "fields": {"action_time": "2025-03-18T18:18:32.819Z", "user": ["admin"], "content_type": ["foodcartapp", "order"], "object_id": "2", "object_repr": "MFDA Сементьев Москва, Цветной бульвар, 11с2", "action_flag": 2, "change_message": "[{\"changed\": {\"name\": \"\\u044d\\u043b\\u0435\\u043c\\u0435\\u043d\\u0442 \\u0437\\u0430\\u043a\\u0430\\u0437\\u0430\", \"object\": \"\\u0424\\u0438\\u0448 \\u0420\\u043e\\u043b\\u043b\", \"fields\": [\"\\u041a\\u043e\\u043b\\u0438\\u0447\\u0435\\u0441\\u0442\\u0432\\u043e\"]}}]"}}, {"model": "admin.logentry", "pk": 10, "fields": {"action_time": "2025-03-18T18:18:40.495Z", "user": ["admin"], "content_type": ["foodcartapp", "order"], "object_id": "2", "object_repr": "MFDA Сементьев Москва, Цветной бульвар, 11с2", "action_flag": 2, "change_message": "[{\"changed\": {\"name\": \"\\u044d\\u043b\\u0435\\u043c\\u0435\\u043d\\u0442 \\u0437\\u0430\\u043a\\u0430\\u0437\\u0430\", \"object\": \"\\u0424\\u0438\\u0448 \\u0420\\u043e\\u043b\\u043b\", \"fields\": [\"\\u0426\\u0435\\u043d\\u0430\"]}}]"}}, {"model": "admin.logentry", "pk": 11, "fields": {"action_time": "2025-03-18T18:18:48.352Z", "user": ["admin"], "content_type": ["foodcartapp", "order"], "object_id": "2", "object_repr": "MFDA Сементьев Москва, Цветной бульвар, 11с2", "action_flag": 2, "change_message": "[{\"changed\": {\"name\": \"\\u044d\\u043b\\u0435\\u043c\\u0435\\u043d\\u0442 \\u0437\\u0430\\u043a\\u0430\\u0437\\u0430\", \"object\": \"\\u0424\\u0438\\u0448 \\u0420\\u043e\\u043b\\u043b\", \"fields\": [\"\\u0426\\u0435\\u043d\\u0430\"]}}]"}}, {"model": "admin.logentry", "pk": 12, "fields": {"action_time": "2025-03-18T18:26:36.358Z", "user": ["admin"], "content_type": ["foodcartapp", "order"], "object_id": "3", "object_repr": "Марина SO Москва, Цветной бульвар, 11с2", "action_flag": 1, "change_message": "[{\"added\": {}}, {\"added\": {\"name\": \"\\u044d\\u043b\\u0435\\u043c\\u0435\\u043d\\u0442 \\u0437\\u0430\\u043a\\u0430\\u0437\\u0430\", \"object\": \"\\u0421\\u0442\\u0435\\u0439\\u043a\\u0445\\u0430\\u0443\\u0441\"}}]"}}, {"model": "admin.logentry", "pk": 13, "fields": {"action_time": "2025-03-19T07:05:34.110Z", "user": ["admin"], "content_type": ["foodcartapp", "order"], "object_id": "3", "object_repr": "Марина SO Москва, Цветной бульвар, 11с2", "action_flag": 2, "change_message": "[{\"changed\": {\"name\": \"\\u044d\\u043b\\u0435\\u043c\\u0435\\u043d\\u0442 \\u0437\\u0430\\u043a\\u0430\\u0437\\u0430\", \"object\": \"\\u0421\\u0442\\u0435\\u0439\\u043a\\u0445\\u0430\\u0443\\u0441\", \"fields\": [\"\\u0426\\u0435\\u043d\\u0430\"]}}]"}}, {"model": "admin.logentry", "pk": 14, "fields": {"action_time": "2025-03-19T07:06:06.494Z", "user": ["admin"], "content_type": ["foodcartapp", "order"], "object_id": "4", "object_repr": "Марина Сементьев Питералда", "action_flag": 1, "change_message": "[{\"added\": {}}, {\"added\": {\"name\": \"\\u044d\\u043b\\u0435\\u043c\\u0435\\u043d\\u0442 \\u0437\\u0430\\u043a\\u0430\\u0437\\u0430\", \"object\": \"\\u0421\\u0442\\u0435\\u0439\\u043a\\u0445\\u0430\\u0443\\u0441\"}}]"}}, {"model": "admin.logentry", "pk": 15, "fields": {"action_time": "2025-03-19T07:06:59.891Z", "user": ["admin"], "content_type": ["foodcartapp", "order"], "object_id": "4", "object_repr": "Марина Сементьев Питералда", "action_flag": 2, "change_message": "[{\"changed\": {\"name\": \"\\u044d\\u043b\\u0435\\u043c\\u0435\\u043d\\u0442 \\u0437\\u0430\\u043a\\u0430\\u0437\\u0430\", \"object\": \"\\u0421\\u0442\\u0435\\u0439\\u043a\\u0445\\u0430\\u0443\\u0441\", \"fields\": [\"\\u0426\\u0435\\u043d\\u0430\"]}}]"}}, {"model": "admin.logentry", "pk": 16, "fields": {"action_time": "2025-03-19T07:39:33.038Z", "user": ["admin"], "content_type": ["foodcartapp", "order"], "object_id": "4", "object_repr": "Марина Сементьев Питералда", "action_flag": 3, "change_message": ""}}, {"model": "admin.logentry", "pk": 17, "fields": {"action_time": "2025-03-19T07:57:56.094Z", "user": ["admin"], "content_type": ["foodcartapp", "order"], "object_id": "5", "object_repr": "Анюта Фемили Москва, Цветной бульвар, 11с2", "action_flag": 1, "change_message": "[{\"added\": {}}, {\"added\": {\"name\": \"\\u044d\\u043b\\u0435\\u043c\\u0435\\u043d\\u0442 \\u0437\\u0430\\u043a\\u0430\\u0437\\u0430\", \"object\": \"\\u041b\\u043e\\u043d\\u0433 \\u0427\\u0438\\u0437\\u0431\\u0443\\u0440\\u0433\\u0435\\u0440\"}}]"}}, {"model": "admin.logentry", "pk": 18, "fields": {"action_time": "2025-03-19T07:58:41.704Z", "user": ["admin"], "content_type": ["foodcartapp", "order"], "object_id": "5", "object_repr": "Анюта Фемили Москва, Цветной бульвар, 11с2", "action_flag": 2, "change_message": "[]"}}, {"model": "admin.logentry", "pk": 19, "fields": {"action_time": "2025-03-19T08:02:28.348Z", "user": ["admin"], "content_type": ["foodcartapp", "order"], "object_id": "6", "object_repr": "Люля Шашлычнов г. Астрахань, ул. Домовая, д. 42", "action_flag": 1, "change_message": "[{\"added\": {}}, {\"added\": {\"name\": \"\\u044d\\u043b\\u0435\\u043c\\u0435\\u043d\\u0442 \\u0437\\u0430\\u043a\\u0430\\u0437\\u0430\", \"object\": \"\\u0411\\u0435\\u043a\\u043e\\u043d\\u0430\\u0439\\u0437\\u0435\\u0440\"}}]"}}, {"model": "admin.logentry", "pk": 20, "fields": {"action_time": "2025-03-19T08:04:38.105Z", "user": ["admin"], "content_type": ["foodcartapp", "order"], "object_id": "7", "object_repr": "Леха Андерков Москва, Цветной бульвар, 11с2", "action_flag": 1, "change_message": "[{\"added\": {}}, {\"added\": {\"name\": \"\\u044d\\u043b\\u0435\\u043c\\u0435\\u043d\\u0442 \\u0437\\u0430\\u043a\\u0430\\u0437\\u0430\", \"object\": \"\\u0422\\u0440\\u043e\\u0439\\u043d\\u043e\\u0439 \\u0412\\u043e\\u043f\\u043f\\u0435\\u0440\"}}]"}}, {"model": "admin.logentry", "pk": 21, "fields": {"action_time": "2025-03-19T08:05:01.901Z", "user": ["admin"], "content_type": ["foodcartapp", "order"], "object_id": "7", "object_repr": "Леха Андерков Москва, Цветной бульвар, 11с2", "action_flag": 2, "change_message": "[]"}}, {"model": "admin.logentry", "pk": 22, "fields": {"action_time": "2025-03-19T08:05:19.093Z", "user": ["admin"], "content_type": ["foodcartapp", "order"], "object_id": "7", "object_repr": "Леха Андерков Москва, Цветной бульвар, 11с2", "action_flag": 2, "change_message": "[{\"changed\": {\"name\": \"\\u044d\\u043b\\u0435\\u043c\\u0435\\u043d\\u0442 \\u0437\\u0430\\u043a\\u0430\\u0437\\u0430\", \"object\": \"\\u0422\\u0440\\u043e\\u0439\\u043d\\u043e\\u0439 \\u0412\\u043e\\u043f\\u043f\\u0435\\u0440\", \"fields\": [\"\\u0426\\u0435\\u043d\\u0430\"]}}]"}}, {"model": "admin.logentry", "pk": 23, "fields": {"action_time": "2025-03-19T08:05:29.924Z", "user": ["admin"], "content_type": ["foodcartapp", "order"], "object_id": "7", "object_repr": "Леха Андерков Москва, Цветной бульвар, 11с2", "action_flag": 2, "change_message": "[{\"changed\": {\"name\": \"\\u044d\\u043b\\u0435\\u043c\\u0435\\u043d\\u0442 \\u0437\\u0430\\u043a\\u0430\\u0437\\u0430\", \"object\": \"\\u0422\\u0440\\u043e\\u0439\\u043d\\u043e\\u0439 \\u0412\\u043e\\u043f\\u043f\\u0435\\u0440\", \"fields\": [\"\\u0426\\u0435\\u043d\\u0430\"]}}]"}}, {"model": "admin.logentry", "pk": 24, "fields": {"action_time": "2025-03-19T08:06:39.262Z", "user": ["admin"], "content_type": ["foodcartapp", "order"], "object_id": "8", "object_repr": "Шторм Любов Москва, Цветной бульвар, 11с2", "action_flag": 1, "change_message": "[{\"added\": {}}, {\"added\": {\"name\": \"\\u044d\\u043b\\u0435\\u043c\\u0435\\u043d\\u0442 \\u0437\\u0430\\u043a\\u0430\\u0437\\u0430\", \"object\": \"\\u041b\\u043e\\u043d\\u0433 \\u0427\\u0438\\u0437\\u0431\\u0443\\u0440\\u0433\\u0435\\u0440\"}}]"}}, {"model": "admin.logentry", "pk": 25, "fields": {"action_time": "2025-03-19T08:07:13.571Z", "user": ["admin"], "content_type": ["foodcartapp", "order"], "object_id": "8", "object_repr": "Шторм Любов Москва, Цветной бульвар, 11с2", "action_flag": 2, "change_message": "[{\"changed\": {\"name\": \"\\u044d\\u043b\\u0435\\u043c\\u0435\\u043d\\u0442 \\u0437\\u0430\\u043a\\u0430\\u0437\\u0430\", \"object\": \"\\u041b\\u043e\\u043d\\u0433 \\u0427\\u0438\\u0437\\u0431\\u0443\\u0440\\u0433\\u0435\\u0440\", \"fields\": [\"\\u0426\\u0435\\u043d\\u0430\"]}}]"}}, {"model": "admin.logentry", "pk": 26, "fields": {"action_time": "2025-03-19T08:07:55.654Z", "user": ["admin"], "content_type": ["foodcartapp", "order"], "object_id": "9", "object_repr": "Антип Антипов г. Астрахань, ул. Домовая, д. 42", "action_flag": 1, "change_message": "[{\"added\": {}}, {\"added\": {\"name\": \"\\u044d\\u043b\\u0435\\u043c\\u0435\\u043d\\u0442 \\u0437\\u0430\\u043a\\u0430\\u0437\\u0430\", \"object\": \"\\u0421\\u0442\\u0435\\u0439\\u043a\\u0445\\u0430\\u0443\\u0441\"}}]"}}, {"model": "admin.logentry", "pk": 27, "fields": {"action_time": "2025-03-19T09:26:47.023Z", "user": ["admin"], "content_type": ["foodcartapp", "order"], "object_id": "10", "object_repr": "Кудри Мудров г. Астрахань, ул. Домовая, д. 42", "action_flag": 1, "change_message": "[{\"added\": {}}, {\"added\": {\"name\": \"\\u044d\\u043b\\u0435\\u043c\\u0435\\u043d\\u0442 \\u0437\\u0430\\u043a\\u0430\\u0437\\u0430\", \"object\": \"\\u041b\\u043e\\u043d\\u0433 \\u0427\\u0438\\u0437\\u0431\\u0443\\u0440\\u0433\\u0435\\u0440\"}}, {\"added\": {\"name\": \"\\u044d\\u043b\\u0435\\u043c\\u0435\\u043d\\u0442 \\u0437\\u0430\\u043a\\u0430\\u0437\\u0430\", \"object\": \"\\u0422\\u0440\\u043e\\u0439\\u043d\\u043e\\u0439 \\u0412\\u043e\\u043f\\u043f\\u0435\\u0440\"}}, {\"added\": {\"name\": \"\\u044d\\u043b\\u0435\\u043c\\u0435\\u043d\\u0442 \\u0437\\u0430\\u043a\\u0430\\u0437\\u0430\", \"object\": \"\\u0421\\u0442\\u0435\\u0439\\u043a\\u0445\\u0430\\u0443\\u0441\"}}]"}}, {"model": "admin.logentry", "pk": 28, "fields": {"action_time": "2025-03-19T14:01:21.667Z", "user": ["admin"], "content_type": ["foodcartapp", "order"], "object_id": "11", "object_repr": "Марина SO г. Астрахань, ул. Домовая, д. 42", "action_flag": 3, "change_message": ""}}, {"model": "admin.logentry", "pk": 29, "fields": {"action_time": "2025-03-19T14:12:25.717Z", "user": ["admin"], "content_type": ["foodcartapp", "order"], "object_id": "14", "object_repr": "Ошибка Ошибков г. Астрахань, ул. Домовая, д. 42", "action_flag": 3, "change_message": ""}}, {"model": "admin.logentry", "pk": 30, "fields": {"action_time": "2025-03-19T14:12:25.735Z", "user": ["admin"], "content_type": ["foodcartapp", "order"], "object_id": "13", "object_repr": "Крутая Некрутова Москва, Цветной бульвар, 11с2", "action_flag": 3, "change_message": ""}}, {"model": "admin.logentry", "pk": 31, "fields": {"action_time": "2025-03-19T14:12:25.744Z", "user": ["admin"], "content_type": ["foodcartapp", "order"], "object_id": "12", "object_repr": "Гульнара Джабабова Москва, Цветной бульвар, 11с2", "action_flag": 3, "change_message": ""}}, {"model": "admin.logentry", "pk": 32, "fields": {"action_time": "2025-03-19T14:14:24.846Z", "user": ["admin"], "content_type": ["foodcartapp", "order"], "object_id": "15", "object_repr": "Ошибка Ошибков Москва, Цветной бульвар, 11с2", "action_flag": 3, "change_message": ""}}, {"model": "admin.logentry", "pk": 33, "fields": {"action_time": "2025-03-19T14:18:19.151Z", "user": ["admin"], "content_type": ["foodcartapp", "order"], "object_id": "16", "object_repr": "Ошибка Ошибков г. Астрахань, ул. Домовая, д. 42", "action_flag": 3, "change_message": ""}}, {"model": "admin.logentry", "pk": 34, "fields": {"action_time": "2025-03-20T17:10:23.194Z", "user": ["admin"], "content_type": ["foodcartapp", "order"], "object_id": "1", "object_repr": "Маринаййй Фролова г. Астрахань, ул. Домовая, д. 42", "action_flag": 2, "change_message": "[{\"changed\": {\"fields\": [\"\\u0418\\u043c\\u044f\"]}}]"}}, {"model": "admin.logentry", "pk": 35, "fields": {"action_time": "2025-03-20T17:11:09.010Z", "user": ["admin"], "content_type": ["foodcartapp", "order"], "object_id": "1", "object_repr": "Марина Фролова г. Астрахань, ул. Домовая, д. 42", "action_flag": 2, "change_message": "[{\"changed\": {\"fields\": [\"\\u0418\\u043c\\u044f\"]}}]"}}, {"model": "admin.logentry", "pk": 36, "fields": {"action_time": "2025-03-20T17:14:55.304Z", "user": ["admin"], "content_type": ["foodcartapp", "order"], "object_id": "1", "object_repr": "Маринаййй Фролова г. Астрахань, ул. Домовая, д. 42", "action_flag": 2, "change_message": "[{\"changed\": {\"fields\": [\"\\u0418\\u043c\\u044f\"]}}]"}}, {"model": "admin.logentry", "pk": 37, "fields": {"action_time": "2025-03-20T17:15:11.383Z", "user": ["admin"], "content_type": ["foodcartapp", "order"], "object_id": "1", "object_repr": "Маринаййй Фролова г. Астрахань, ул. Домовая, д. 42", "action_flag": 2, "change_message": "[]"}}, {"model": "admin.logentry", "pk": 38, "fields": {"action_time": "2025-03-20T17:15:32.505Z", "user": ["admin"], "content_type": ["foodcartapp", "order"], "object_id": "1", "object_repr": "Марина Фролова г. Астрахань, ул. Домовая, д. 42", "action_flag": 2, "change_message": "[{\"changed\": {\"fields\": [\"\\u0418\\u043c\\u044f\"]}}]"}}, {"model": "admin.logentry", "pk": 39, "fields": {"action_time": "2025-03-20T17:22:03.326Z", "user": ["admin"], "content_type": ["foodcartapp", "order"], "object_id": "1", "object_repr": "Маринаййй Фролова г. Астрахань, ул. Домовая, д. 42", "action_flag": 2, "change_message": "[{\"changed\": {\"fields\": [\"\\u0418\\u043c\\u044f\"]}}]"}}, {"model": "admin.logentry", "pk": 40, "fields": {"action_time": "2025-03-20T17:22:12.319Z", "user": ["admin"], "content_type": ["foodcartapp", "order"], "object_id": "1", "object_repr": "Марина Фролова г. Астрахань, ул. Домовая, д. 42", "action_flag": 2, "change_message": "[{\"changed\": {\"fields\": [\"\\u0418\\u043c\\u044f\"]}}]"}}, {"model": "admin.logentry", "pk": 41, "fields": {"action_time": "2025-03-20T17:22:23.566Z", "user": ["admin"], "content_type": ["foodcartapp", "order"], "object_id": "1", "object_repr": "Марина Фролова г. Астрахань, ул. Домовая, д. 42", "action_flag": 2, "change_message": "[]"}}, {"model": "admin.logentry", "pk": 42, "fields": {"action_time": "2025-03-20T17:22:43.722Z", "user": ["admin"], "content_type": ["foodcartapp", "order"], "object_id": "2", "object_repr": "MFDA Сементьев Москва, Цветной бульвар, 11с2", "action_flag": 2, "change_message": "[]"}}, {"model": "admin.logentry", "pk": 43, "fields": {"action_time": "2025-03-20T17:37:36.062Z", "user": ["admin"], "content_type": ["foodcartapp", "order"], "object_id": "1", "object_repr": "Маринаййй Фролова г. Астрахань, ул. Домовая, д. 42", "action_flag": 2, "change_message": "[{\"changed\": {\"fields\": [\"\\u0418\\u043c\\u044f\"]}}]"}}, {"model": "admin.logentry", "pk": 44, "fields": {"action_time": "2025-03-20T17:37:55.914Z", "user": ["admin"], "content_type": ["foodcartapp", "order"], "object_id": "1", "object_repr": "Маринаййй Фролова г. Астрахань, ул. Домовая, д. 42", "action_flag": 2, "change_message": "[]"}}, {"model": "admin.logentry", "pk": 45, "fields": {"action_time": "2025-03-20T17:38:02.489Z", "user": ["admin"], "content_type": ["foodcartapp", "order"], "object_id": "1", "object_repr": "Марина Фролова г. Астрахань, ул. Домовая, д. 42", "action_flag": 2, "change_message": "[{\"changed\": {\"fields\": [\"\\u0418\\u043c\\u044f\"]}}]"}}, {"model": "admin.logentry", "pk": 46, "fields": {"action_time": "2025-03-20T17:38:16.069Z", "user": ["admin"], "content_type": ["foodcartapp", "order"], "object_id": "1", "object_repr": "Маринаййй Фролова г. Астрахань, ул. Домовая, д. 42", "action_flag": 2, "change_message": "[{\"changed\": {\"fields\": [\"\\u0418\\u043c\\u044f\"]}}]"}}, {"model": "admin.logentry", "pk": 47, "fields": {"action_time": "2025-03-20T17:38:28.162Z", "user": ["admin"], "content_type": ["foodcartapp", "order"], "object_id": "1", "object_repr": "Марина Фролова г. Астрахань, ул. Домовая, д. 42", "action_flag": 2, "change_message": "[{\"changed\": {\"fields\": [\"\\u0418\\u043c\\u044f\"]}}]"}}, {"model": "admin.logentry", "pk": 48, "fields": {"action_time": "2025-03-20T17:58:58.570Z", "user": ["admin"], "content_type": ["foodcartapp", "order"], "object_id": "1", "object_repr": "Маринаййй Фролова г. Астрахань, ул. Домовая, д. 42", "action_flag": 2, "change_message": "[{\"changed\": {\"fields\": [\"\\u0418\\u043c\\u044f\"]}}]"}}, {"model": "admin.logentry", "pk": 49, "fields": {"action_time": "2025-03-20T17:59:09.196Z", "user": ["admin"], "content_type": ["foodcartapp", "order"], "object_id": "1", "object_repr": "Маринаййй Фролова г. Астрахань, ул. Домовая, д. 42", "action_flag": 2, "change_message": "[]"}}, {"model": "admin.logentry", "pk": 50, "fields": {"action_time": "2025-03-20T17:59:19.983Z", "user": ["admin"], "content_type": ["foodcartapp", "order"], "object_id": "1", "object_repr": "Марина Фролова г. Астрахань, ул. Домовая, д. 42", "action_flag": 2, "change_message": "[{\"changed\": {\"fields\": [\"\\u0418\\u043c\\u044f\"]}}]"}}, {"model": "admin.logentry", "pk": 51, "fields": {"action_time": "2025-03-20T18:07:31.078Z", "user": ["admin"], "content_type": ["foodcartapp", "order"], "object_id": "1", "object_repr": "Марина Фролова г. Астрахань, ул. Домовая, д. 42", "action_flag": 2, "change_message": "[]"}}, {"model": "admin.logentry", "pk": 52, "fields": {"action_time": "2025-03-20T18:07:52.952Z", "user": ["admin"], "content_type": ["foodcartapp", "order"], "object_id": "1", "object_repr": "Маринаййй Фролова г. Астрахань, ул. Домовая, д. 42", "action_flag": 2, "change_message": "[{\"changed\": {\"fields\": [\"\\u0418\\u043c\\u044f\"]}}]"}}, {"model": "admin.logentry", "pk": 53, "fields": {"action_time": "2025-03-20T18:08:03.520Z", "user": ["admin"], "content_type": ["foodcartapp", "order"], "object_id": "1", "object_repr": "Марина Фролова г. Астрахань, ул. Домовая, д. 42", "action_flag": 2, "change_message": "[{\"changed\": {\"fields\": [\"\\u0418\\u043c\\u044f\"]}}]"}}, {"model": "admin.logentry", "pk": 54, "fields": {"action_time": "2025-03-20T18:08:08.740Z", "user": ["admin"], "content_type": ["foodcartapp", "order"], "object_id": "1", "object_repr": "Маринаййй Фролова г. Астрахань, ул. Домовая, д. 42", "action_flag": 2, "change_message": "[{\"changed\": {\"fields\": [\"\\u0418\\u043c\\u044f\"]}}]"}}, {"model": "admin.logentry", "pk": 55, "fields": {"action_time": "2025-03-20T18:08:17.328Z", "user": ["admin"], "content_type": ["foodcartapp", "order"], "object_id": "1", "object_repr": "Марина Фролова г. Астрахань, ул. Домовая, д. 42", "action_flag": 2, "change_message": "[{\"changed\": {\"fields\": [\"\\u0418\\u043c\\u044f\"]}}]"}}, {"model": "admin.logentry", "pk": 56, "fields": {"action_time": "2025-03-20T18:19:06.671Z", "user": ["admin"], "content_type": ["foodcartapp", "order"], "object_id": "1", "object_repr": "Маринаййй Фролова г. Астрахань, ул. Домовая, д. 42", "action_flag": 2, "change_message": "[{\"changed\": {\"fields\": [\"\\u0418\\u043c\\u044f\"]}}]"}}, {"model": "admin.logentry", "pk": 57, "fields": {"action_time": "2025-03-20T18:20:03.388Z", "user": ["admin"], "content_type": ["foodcartapp", "order"], "object_id": "1", "object_repr": "Марина Фролова г. Астрахань, ул. Домовая, д. 42", "action_flag": 2, "change_message": "[{\"changed\": {\"fields\": [\"\\u0418\\u043c\\u044f\"]}}]"}}, {"model": "admin.logentry", "pk": 58, "fields": {"action_time": "2025-03-20T18:21:30.085Z", "user": ["admin"], "content_type": ["foodcartapp", "order"], "object_id": "1", "object_repr": "Маринаййй Фролова г. Астрахань, ул. Домовая, д. 42", "action_flag": 2, "change_message": "[{\"changed\": {\"fields\": [\"\\u0418\\u043c\\u044f\"]}}]"}}, {"model": "admin.logentry", "pk": 59, "fields": {"action_time": "2025-03-20T18:21:54.807Z", "user": ["admin"], "content_type": ["foodcartapp", "order"], "object_id": "1", "object_repr": "Марина Фролова г. Астрахань, ул. Домовая, д. 42", "action_flag": 2, "change_message": "[{\"changed\": {\"fields\": [\"\\u0418\\u043c\\u044f\"]}}]"}}, {"model": "admin.logentry", "pk": 60, "fields": {"action_time": "2025-03-20T18:24:15.259Z", "user": ["admin"], "content_type": ["foodcartapp", "order"], "object_id": "1", "object_repr": "Маринаййй Фролова г. Астрахань, ул. Домовая, д. 42", "action_flag": 2, "change_message": "[{\"changed\": {\"fields\": [\"\\u0418\\u043c\\u044f\"]}}]"}}, {"model": "admin.logentry", "pk": 61, "fields": {"action_time": "2025-03-20T18:24:25.636Z", "user": ["admin"], "content_type": ["foodcartapp", "order"], "object_id": "1", "object_repr": "Марина Фролова г. Астрахань, ул. Домовая, д. 42", "action_flag": 2, "change_message": "[{\"changed\": {\"fields\": [\"\\u0418\\u043c\\u044f\"]}}]"}}, {"model": "admin.logentry", "pk": 62, "fields": {"action_time": "2025-03-20T18:26:58.989Z", "user": ["admin"], "content_type": ["foodcartapp", "order"], "object_id": "1", "object_repr": "Маринаййй Фролова г. Астрахань, ул. Домовая, д. 42", "action_flag": 2, "change_message": "[{\"changed\": {\"fields\": [\"\\u0418\\u043c\\u044f\"]}}]"}}, {"model": "admin.logentry", "pk": 63, "fields": {"action_time": "2025-03-20T18:27:08.410Z", "user": ["admin"], "content_type": ["foodcartapp", "order"], "object_id": "1", "object_repr": "Марина Фролова г. Астрахань, ул. Домовая, д. 42", "action_flag": 2, "change_message": "[{\"changed\": {\"fields\": [\"\\u0418\\u043c\\u044f\"]}}]"}}, {"model": "admin.logentry", "pk": 64, "fields": {"action_time": "2025-03-20T18:27:40.384Z", "user": ["admin"], "content_type": ["foodcartapp", "order"], "object_id": "1", "object_repr": "Маринаййй Фролова г. Астрахань, ул. Домовая, д. 42", "action_flag": 2, "change_message": "[{\"changed\": {\"fields\": [\"\\u0418\\u043c\\u044f\"]}}]"}}, {"model": "admin.logentry", "pk": 65, "fields": {"action_time": "2025-03-20T18:33:56.262Z", "user": ["admin"], "content_type": ["foodcartapp", "order"], "object_id": "1", "object_repr": "Марина Фролова г. Астрахань, ул. Домовая, д. 42", "action_flag": 2, "change_message": "[{\"changed\": {\"fields\": [\"\\u0418\\u043c\\u044f\"]}}]"}}, {"model": "admin.logentry", "pk": 66, "fields": {"action_time": "2025-03-20T19:47:16.394Z", "user": ["admin"], "content_type": ["foodcartapp", "order"], "object_id": "9", "object_repr": "Антип Антипов г. Астрахань, ул. Домовая, д. 42", "action_flag": 2, "change_message": "[{\"changed\": {\"fields\": [\"\\u0421\\u0442\\u0430\\u0442\\u0443\\u0441\"]}}]"}}, {"model": "admin.logentry", "pk": 67, "fields": {"action_time": "2025-03-20T19:47:31.440Z", "user": ["admin"], "content_type": ["foodcartapp", "order"], "object_id": "9", "object_repr": "Антип Антипов г. Астрахань, ул. Домовая, д. 42", "action_flag": 2, "change_message": "[]"}}, {"model": "admin.logentry", "pk": 68, "fields": {"action_time": "2025-03-20T19:47:49.333Z", "user": ["admin"], "content_type": ["foodcartapp", "order"], "object_id": "10", "object_repr": "Кудри Мудров г. Астрахань, ул. Домовая, д. 42", "action_flag": 2, "change_message": "[{\"changed\": {\"fields\": [\"\\u0421\\u0442\\u0430\\u0442\\u0443\\u0441\"]}}]"}}, {"model": "admin.logentry", "pk": 69, "fields": {"action_time": "2025-03-20T19:47:58.546Z", "user": ["admin"], "content_type": ["foodcartapp", "order"], "object_id": "10", "object_repr": "Кудри Мудров г. Астрахань, ул. Домовая, д. 42", "action_flag": 2, "change_message": "[{\"changed\": {\"fields\": [\"\\u0421\\u0442\\u0430\\u0442\\u0443\\u0441\"]}}]"}}, {"model": "admin.logentry", "pk": 70, "fields": {"action_time": "2025-03-20T19:48:36.111Z", "user": ["admin"], "content_type": ["foodcartapp", "order"], "object_id": "10", "object_repr": "Кудри Мудров г. Астрахань, ул. Домовая, д. 42", "action_flag": 2, "change_message": "[{\"changed\": {\"fields\": [\"\\u0421\\u0442\\u0430\\u0442\\u0443\\u0441\"]}}]"}}, {"model": "admin.logentry", "pk": 71, "fields": {"action_time": "2025-03-20T19:48:54.938Z", "user": ["admin"], "content_type": ["foodcartapp", "order"], "object_id": "1", "object_repr": "Марина Фролова г. Астрахань, ул. Домовая, д. 42", "action_flag": 2, "change_message": "[{\"changed\": {\"fields\": [\"\\u0421\\u0442\\u0430\\u0442\\u0443\\u0441\"]}}]"}}, {"model": "admin.logentry", "pk": 72, "fields": {"action_time": "2025-03-20T19:49:10.399Z", "user": ["admin"], "content_type": ["foodcartapp", "order"], "object_id": "1", "object_repr": "Марина Фролова г. Астрахань, ул. Домовая, д. 42", "action_flag": 2, "change_message": "[{\"changed\": {\"fields\": [\"\\u0421\\u0442\\u0430\\u0442\\u0443\\u0441\"]}}]"}}, {"model": "admin.logentry", "pk": 73, "fields": {"action_time": "2025-03-20T19:49:52.115Z", "user": ["admin"], "content_type": ["foodcartapp", "order"], "object_id": "1", "object_repr": "Марина Фролова г. Астрахань, ул. Домовая, д. 42", "action_flag": 2, "change_message": "[{\"changed\": {\"fields\": [\"\\u0421\\u0442\\u0430\\u0442\\u0443\\u0441\"]}}]"}}, {"model": "admin.logentry", "pk": 74, "fields": {"action_time": "2025-03-20T19:49:58.635Z", "user": ["admin"], "content_type": ["foodcartapp", "order"], "object_id": "10", "object_repr": "Кудри Мудров г. Астрахань, ул. Домовая, д. 42", "action_flag": 2, "change_message": "[{\"changed\": {\"fields\": [\"\\u0421\\u0442\\u0430\\u0442\\u0443\\u0441\"]}}]"}}, {"model": "admin.logentry", "pk": 75, "fields": {"action_time": "2025-03-20T19:50:03.488Z", "user": ["admin"], "content_type": ["foodcartapp", "order"], "object_id": "9", "object_repr": "Антип Антипов г. Астрахань, ул. Домовая, д. 42", "action_flag": 2, "change_message": "[{\"changed\": {\"fields\": [\"\\u0421\\u0442\\u0430\\u0442\\u0443\\u0441\"]}}]"}}, {"model": "admin.logentry", "pk": 76, "fields": {"action_time": "2025-03-20T21:06:16.339Z", "user": ["admin"], "content_type": ["foodcartapp", "order"], "object_id": "1", "object_repr": "Марина Фролова г. Астрахань, ул. Домовая, д. 42", "action_flag": 2, "change_message": "[{\"changed\": {\"fields\": [\"\\u0421\\u0442\\u0430\\u0442\\u0443\\u0441\"]}}]"}}, {"model": "admin.logentry", "pk": 77, "fields": {"action_time": "2025-03-20T21:08:04.768Z", "user": ["admin"], "content_type": ["foodcartapp", "order"], "object_id": "1", "object_repr": "Марина Фролова г. Астрахань, ул. Домовая, д. 42", "action_flag": 2, "change_message": "[{\"changed\": {\"fields\": [\"\\u0421\\u0442\\u0430\\u0442\\u0443\\u0441\"]}}]"}}, {"model": "admin.logentry", "pk": 78, "fields": {"action_time": "2025-03-20T21:09:15.984Z", "user": ["admin"], "content_type": ["foodcartapp", "order"], "object_id": "1", "object_repr": "Марина Фролова г. Астрахань, ул. Домовая, д. 42", "action_flag": 2, "change_message": "[{\"changed\": {\"fields\": [\"\\u0421\\u0442\\u0430\\u0442\\u0443\\u0441\"]}}]"}}, {"model": "admin.logentry", "pk": 79, "fields": {"action_time": "2025-03-20T21:09:42.073Z", "user": ["admin"], "content_type": ["foodcartapp", "order"], "object_id": "1", "object_repr": "Марина Фролова г. Астрахань, ул. Домовая, д. 42", "action_flag": 2, "change_message": "[{\"changed\": {\"fields\": [\"\\u0421\\u0442\\u0430\\u0442\\u0443\\u0441\"]}}]"}}, {"model": "admin.logentry", "pk": 80, "fields": {"action_time": "2025-03-20T21:35:43.216Z", "user": ["admin"], "content_type": ["foodcartapp", "order"], "object_id": "1", "object_repr": "Марина Фролова г. Астрахань, ул. Домовая, д. 42", "action_flag": 2, "change_message": "[{\"changed\": {\"fields\": [\"\\u041a\\u043e\\u043c\\u043c\\u0435\\u043d\\u0442\\u0430\\u0440\\u0438\\u0439\"]}}]"}}, {"model": "admin.logentry", "pk": 81, "fields": {"action_time": "2025-03-20T21:35:59.823Z", "user": ["admin"], "content_type": ["foodcartapp", "order"], "object_id": "1", "object_repr": "Марина Фролова г. Астрахань, ул. Домовая, д. 42", "action_flag": 2, "change_message": "[{\"changed\": {\"fields\": [\"\\u041a\\u043e\\u043c\\u043c\\u0435\\u043d\\u0442\\u0430\\u0440\\u0438\\u0439\"]}}]"}}, {"model": "admin.logentry", "pk": 82, "fields": {"action_time": "2025-03-20T21:50:16.650Z", "user": ["admin"], "content_type": ["foodcartapp", "order"], "object_id": "1", "object_repr": "Марина Фролова г. Астрахань, ул. Домовая, д. 42", "action_flag": 2, "change_message": "[{\"changed\": {\"fields\": [\"\\u041a\\u043e\\u043c\\u043c\\u0435\\u043d\\u0442\\u0430\\u0440\\u0438\\u0439\"]}}]"}}, {"model": "admin.logentry", "pk": 83, "fields": {"action_time": "2025-03-20T22:24:35.711Z", "user": ["admin"], "content_type": ["foodcartapp", "order"], "object_id": "1", "object_repr": "Марина Фролова г. Астрахань, ул. Домовая, д. 42", "action_flag": 2, "change_message": "[{\"changed\": {\"fields\": [\"\\u0421\\u0442\\u0430\\u0442\\u0443\\u0441\", \"\\u041a\\u043e\\u043c\\u043c\\u0435\\u043d\\u0442\\u0430\\u0440\\u0438\\u0439\"]}}]"}}, {"model": "admin.logentry", "pk": 84, "fields": {"action_time": "2025-03-20T22:46:40.996Z", "user": ["admin"], "content_type": ["foodcartapp", "order"], "object_id": "11", "object_repr": "Къаз Наме г. Астрахань, ул. Домовая, д. 42", "action_flag": 2, "change_message": "[{\"changed\": {\"fields\": [\"\\u0421\\u0442\\u0430\\u0442\\u0443\\u0441\", \"\\u041a\\u043e\\u043c\\u043c\\u0435\\u043d\\u0442\\u0430\\u0440\\u0438\\u0439\", \"\\u0414\\u0430\\u0442\\u0430 \\u0437\\u0432\\u043e\\u043d\\u043a\\u0430\"]}}]"}}, {"model": "admin.logentry", "pk": 85, "fields": {"action_time": "2025-03-20T23:02:55.823Z", "user": ["admin"], "content_type": ["foodcartapp", "order"], "object_id": "1", "object_repr": "Марина Фролова г. Астрахань, ул. Домовая, д. 42", "action_flag": 2, "change_message": "[{\"changed\": {\"fields\": [\"\\u0421\\u043f\\u043e\\u0441\\u043e\\u0431 \\u043e\\u043f\\u043b\\u0430\\u0442\\u044b\"]}}]"}}, {"model": "admin.logentry", "pk": 86, "fields": {"action_time": "2025-03-20T23:03:10.270Z", "user": ["admin"], "content_type": ["foodcartapp", "order"], "object_id": "1", "object_repr": "Марина Фролова г. Астрахань, ул. Домовая, д. 42", "action_flag": 2, "change_message": "[{\"changed\": {\"fields\": [\"\\u0421\\u043f\\u043e\\u0441\\u043e\\u0431 \\u043e\\u043f\\u043b\\u0430\\u0442\\u044b\"]}}]"}}, {"model": "admin.logentry", "pk": 87, "fields": {"action_time": "2025-03-20T23:03:29.864Z", "user": ["admin"], "content_type": ["foodcartapp", "order"], "object_id": "11", "object_repr": "Къаз Наме г. Астрахань, ул. Домовая, д. 42", "action_flag": 2, "change_message": "[{\"changed\": {\"fields\": [\"\\u041a\\u043e\\u043c\\u043c\\u0435\\u043d\\u0442\\u0430\\u0440\\u0438\\u0439\"]}}]"}}, {"model": "admin.logentry", "pk": 88, "fields": {"action_time": "2025-03-21T07:16:39.678Z", "user": ["admin"], "content_type": ["foodcartapp", "product"], "object_id": "1", "object_repr": "Стейкхаус", "action_flag": 2, "change_message": "[{\"added\": {\"name\": \"\\u043f\\u0443\\u043d\\u043a\\u0442 \\u043c\\u0435\\u043d\\u044e \\u0440\\u0435\\u0441\\u0442\\u043e\\u0440\\u0430\\u043d\\u0430\", \"object\": \"Star Burger \\u0426\\u0432\\u0435\\u0442\\u043d\\u043e\\u0439 - \\u0421\\u0442\\u0435\\u0439\\u043a\\u0445\\u0430\\u0443\\u0441\"}}, {\"added\": {\"name\": \"\\u043f\\u0443\\u043d\\u043a\\u0442 \\u043c\\u0435\\u043d\\u044e \\u0440\\u0435\\u0441\\u0442\\u043e\\u0440\\u0430\\u043d\\u0430\", \"object\": \"Star Burger \\u0415\\u0432\\u0440\\u043e\\u043f\\u0435\\u0439\\u0441\\u043a\\u0438\\u0439 - \\u0421\\u0442\\u0435\\u0439\\u043a\\u0445\\u0430\\u0443\\u0441\"}}]"}}, {"model": "admin.logentry", "pk": 89, "fields": {"action_time": "2025-03-21T08:22:34.945Z", "user": ["admin"], "content_type": ["foodcartapp", "product"], "object_id": "4", "object_repr": "Беконайзер", "action_flag": 2, "change_message": "[{\"added\": {\"name\": \"\\u043f\\u0443\\u043d\\u043a\\u0442 \\u043c\\u0435\\u043d\\u044e \\u0440\\u0435\\u0441\\u0442\\u043e\\u0440\\u0430\\u043d\\u0430\", \"object\": \"Star Burger \\u0415\\u0432\\u0440\\u043e\\u043f\\u0435\\u0439\\u0441\\u043a\\u0438\\u0439 - \\u0411\\u0435\\u043a\\u043e\\u043d\\u0430\\u0439\\u0437\\u0435\\u0440\"}}]"}}, {"model": "admin.logentry", "pk": 90, "fields": {"action_time": "2025-03-21T08:22:46.656Z", "user": ["admin"], "content_type": ["foodcartapp", "product"], "object_id": "3", "object_repr": "Тройной Воппер", "action_flag": 2, "change_message": "[{\"added\": {\"name\": \"\\u043f\\u0443\\u043d\\u043a\\u0442 \\u043c\\u0435\\u043d\\u044e \\u0440\\u0435\\u0441\\u0442\\u043e\\u0440\\u0430\\u043d\\u0430\", \"object\": \"Star Burger \\u0426\\u0432\\u0435\\u0442\\u043d\\u043e\\u0439 - \\u0422\\u0440\\u043e\\u0439\\u043d\\u043e\\u0439 \\u0412\\u043e\\u043f\\u043f\\u0435\\u0440\"}}]"}}, {"model": "admin.logentry", "pk": 91, "fields": {"action_time": "2025-03-21T08:22:56.028Z", "user": ["admin"], "content_type": ["foodcartapp", "product"], "object_id": "2", "object_repr": "Лонг Чизбургер", "action_flag": 2, "change_message": "[{\"added\": {\"name\": \"\\u043f\\u0443\\u043d\\u043a\\u0442 \\u043c\\u0435\\u043d\\u044e \\u0440\\u0435\\u0441\\u0442\\u043e\\u0440\\u0430\\u043d\\u0430\", \"object\": \"Star Burger \\u0410\\u0440\\u0431\\u0430\\u0442 - \\u041b\\u043e\\u043d\\u0433 \\u0427\\u0438\\u0437\\u0431\\u0443\\u0440\\u0433\\u0435\\u0440\"}}]"}}, {"model": "admin.logentry", "pk": 92, "fields": {"action_time": "2025-03-25T19:45:17.379Z", "user": ["admin"], "content_type": ["foodcartapp", "order"], "object_id": "1", "object_repr": "Марина Фролова г. Астрахань, ул. Домовая, д. 42", "action_flag": 2, "change_message": "[{\"changed\": {\"fields\": [\"\\u0420\\u0435\\u0441\\u0442\\u043e\\u0440\\u0430\\u043d\\u044b\"]}}]"}}, {"model": "admin.logentry", "pk": 93, "fields": {"action_time": "2025-03-25T19:53:47.157Z", "user": ["admin"], "content_type": ["foodcartapp", "order"], "object_id": "1", "object_repr": "Марина Фролова г. Астрахань, ул. Домовая, д. 42", "action_flag": 2, "change_message": "[]"}}, {"model": "admin.logentry", "pk": 94, "fields": {"action_time": "2025-03-25T19:54:10.380Z", "user": ["admin"], "content_type": ["foodcartapp", "order"], "object_id": "2", "object_repr": "MFDA Сементьев Москва, Цветной бульвар, 11с2", "action_flag": 2, "change_message": "[]"}}, {"model": "admin.logentry", "pk": 95, "fields": {"action_time": "2025-03-25T19:55:14.059Z", "user": ["admin"], "content_type": ["foodcartapp", "order"], "object_id": "1", "object_repr": "Марина Фролова г. Астрахань, ул. Домовая, д. 42", "action_flag": 2, "change_message": "[{\"changed\": {\"fields\": [\"\\u0420\\u0435\\u0441\\u0442\\u043e\\u0440\\u0430\\u043d\\u044b\"]}}]"}}, {"model": "admin.logentry", "pk": 96, "fields": {"action_time": "2025-03-25T20:06:41.746Z", "user": ["admin"], "content_type": ["foodcartapp", "order"], "object_id": "2", "object_repr": "MFDA Сементьев Москва, Цветной бульвар, 11с2", "action_flag": 2, "change_message": "[]"}}, {"model": "admin.logentry", "pk": 97, "fields": {"action_time": "2025-03-25T20:06:51.553Z", "user": ["admin"], "content_type": ["foodcartapp", "order"], "object_id": "2", "object_repr": "MFDA Сементьев Москва, Цветной бульвар, 11с2", "action_flag": 2, "change_message": "[{\"changed\": {\"fields\": [\"\\u0420\\u0435\\u0441\\u0442\\u043e\\u0440\\u0430\\u043d\\u044b\"]}}]"}}, {"model": "admin.logentry", "pk": 98, "fields": {"action_time": "2025-03-25T20:07:15.145Z", "user": ["admin"], "content_type": ["foodcartapp", "order"], "object_id": "1", "object_repr": "Марина Фролова г. Астрахань, ул. Домовая, д. 42", "action_flag": 2, "change_message": "[{\"changed\": {\"fields\": [\"\\u0421\\u0442\\u0430\\u0442\\u0443\\u0441\"]}}]"}}, {"model": "admin.logentry", "pk": 99, "fields": {"action_time": "2025-03-25T20:08:42.954Z", "user": ["admin"], "content_type": ["foodcartapp", "order"], "object_id": "1", "object_repr": "Марина Фролова г. Астрахань, ул. Домовая, д. 42", "action_flag": 2, "change_message": "[{\"changed\": {\"fields\": [\"\\u0421\\u0442\\u0430\\u0442\\u0443\\u0441\"]}}]"}}, {"model": "admin.logentry", "pk": 100, "fields": {"action_time": "2025-03-27T13:50:48.548Z", "user": ["admin"], "content_type": ["foodcartapp", "order"], "object_id": "13", "object_repr": "Контора Какая-то г. Астрахань, ул. Домовая, д. 42", "action_flag": 2, "change_message": "[{\"changed\": {\"name\": \"\\u044d\\u043b\\u0435\\u043c\\u0435\\u043d\\u0442 \\u0437\\u0430\\u043a\\u0430\\u0437\\u0430\", \"object\": \"\\u0422\\u0440\\u043e\\u0439\\u043d\\u043e\\u0439 \\u0412\\u043e\\u043f\\u043f\\u0435\\u0440\", \"fields\": [\"\\u041a\\u043e\\u043b\\u0438\\u0447\\u0435\\u0441\\u0442\\u0432\\u043e\"]}}]"}}, {"model": "admin.logentry", "pk": 101, "fields": {"action_time": "2025-03-27T13:54:06.746Z", "user": ["admin"], "content_type": ["foodcartapp", "order"], "object_id": "1", "object_repr": "Марина Фролова г. Астрахань, ул. Домовая, д. 42", "action_flag": 2, "change_message": "[{\"changed\": {\"fields\": [\"\\u0420\\u0435\\u0441\\u0442\\u043e\\u0440\\u0430\\u043d\\u044b\"]}}]"}}, {"model": "admin.logentry", "pk": 102, "fields": {"action_time": "2025-03-27T13:54:42.325Z", "user": ["admin"], "content_type": ["foodcartapp", "order"], "object_id": "1", "object_repr": "Марина Фролова г. Астрахань, ул. Домовая, д. 42", "action_flag": 2, "change_message": "[{\"changed\": {\"fields\": [\"\\u0421\\u0442\\u0430\\u0442\\u0443\\u0441\"]}}]"}}, {"model": "admin.logentry", "pk": 103, "fields": {"action_time": "2025-03-27T13:55:01.501Z", "user": ["admin"], "content_type": ["foodcartapp", "order"], "object_id": "1", "object_repr": "Марина Фролова г. Астрахань, ул. Домовая, д. 42", "action_flag": 2, "change_message": "[{\"changed\": {\"fields\": [\"\\u0421\\u0442\\u0430\\u0442\\u0443\\u0441\"]}}]"}}, {"model": "admin.logentry", "pk": 104, "fields": {"action_time": "2025-03-27T18:22:58.891Z", "user": ["admin"], "content_type": ["foodcartapp", "order"], "object_id": "2", "object_repr": "MFDA Сементьев Москва, Цветной бульвар, 11с2", "action_flag": 2, "change_message": "[{\"changed\": {\"fields\": [\"\\u0420\\u0435\\u0441\\u0442\\u043e\\u0440\\u0430\\u043d\\u044b\"]}}]"}}, {"model": "admin.logentry", "pk": 105, "fields": {"action_time": "2025-03-27T18:23:08.642Z", "user": ["admin"], "content_type": ["foodcartapp", "order"], "object_id": "1", "object_repr": "Марина Фролова г. Астрахань, ул. Домовая, д. 42", "action_flag": 2, "change_message": "[{\"changed\": {\"fields\": [\"\\u0420\\u0435\\u0441\\u0442\\u043e\\u0440\\u0430\\u043d\\u044b\"]}}]"}}, {"model": "admin.logentry", "pk": 106, "fields": {"action_time": "2025-03-27T18:29:42.904Z", "user": ["admin"], "content_type": ["foodcartapp", "order"], "object_id": "1", "object_repr": "Марина Фролова г. Астрахань, ул. Домовая, д. 42", "action_flag": 2, "change_message": "[]"}}, {"model": "admin.logentry", "pk": 107, "fields": {"action_time": "2025-04-07T20:07:19.199Z", "user": ["admin"], "content_type": ["places", "place"], "object_id": "3", "object_repr": "Star Burger Европейский", "action_flag": 3, "change_message": ""}}, {"model": "admin.logentry", "pk": 108, "fields": {"action_time": "2025-04-07T20:07:19.217Z", "user": ["admin"], "content_type": ["places", "place"], "object_id": "2", "object_repr": "Star Burger Цветной", "action_flag": 3, "change_message": ""}}, {"model": "admin.logentry", "pk": 109, "fields": {"action_time": "2025-04-07T20:07:19.228Z", "user": ["admin"], "content_type": ["places", "place"], "object_id": "1", "object_repr": "г. Астрахань, ул. Домовая, д. 42", "action_flag": 3, "change_message": ""}}, {"model": "admin.logentry", "pk": 110, "fields": {"action_time": "2025-04-07T20:20:33.420Z", "user": ["admin"], "content_type": ["places", "place"], "object_id": "8", "object_repr": "Star Burger Арбат", "action_flag": 3, "change_message": ""}}, {"model": "admin.logentry", "pk": 111, "fields": {"action_time": "2025-04-07T20:20:33.989Z", "user": ["admin"], "content_type": ["places", "place"], "object_id": "7", "object_repr": "Москва, Цветной бульвар, 11с2", "action_flag": 3, "change_message": ""}}, {"model": "admin.logentry", "pk": 112, "fields": {"action_time": "2025-04-07T20:20:34.054Z", "user": ["admin"], "content_type": ["places", "place"], "object_id": "6", "object_repr": "Star Burger Европейский", "action_flag": 3, "change_message": ""}}, {"model": "admin.logentry", "pk": 113, "fields": {"action_time": "2025-04-07T20:20:34.071Z", "user": ["admin"], "content_type": ["places", "place"], "object_id": "5", "object_repr": "Star Burger Цветной", "action_flag": 3, "change_message": ""}}, {"model": "admin.logentry", "pk": 114, "fields": {"action_time": "2025-04-07T20:20:34.082Z", "user": ["admin"], "content_type": ["places", "place"], "object_id": "4", "object_repr": "г. Астрахань, ул. Домовая, д. 42", "action_flag": 3, "change_message": ""}}, {"model": "admin.logentry", "pk": 115, "fields": {"action_time": "2025-04-07T20:43:34.503Z", "user": ["admin"], "content_type": ["foodcartapp", "order"], "object_id": "13", "object_repr": "Контора Какая-то г. Москва, ул. Звездный бульвар, д. 25", "action_flag": 2, "change_message": "[{\"changed\": {\"fields\": [\"\\u0410\\u0434\\u0440\\u0435\\u0441\"]}}]"}}, {"model": "admin.logentry", "pk": 116, "fields": {"action_time": "2025-04-07T20:44:19.545Z", "user": ["admin"], "content_type": ["foodcartapp", "order"], "object_id": "13", "object_repr": "Контора Какая-то г. Москва, ул. Звездный бульвар, д. 25", "action_flag": 2, "change_message": "[]"}}, {"model": "admin.logentry", "pk": 117, "fields": {"action_time": "2025-04-07T20:44:33.879Z", "user": ["admin"], "content_type": ["foodcartapp", "order"], "object_id": "13", "object_repr": "Контора Какая-то г. Москва, ул. Звездный бульвар, д. 25", "action_flag": 2, "change_message": "[{\"changed\": {\"fields\": [\"\\u0420\\u0435\\u0441\\u0442\\u043e\\u0440\\u0430\\u043d\\u044b\"]}}]"}}, {"model": "admin.logentry", "pk": 118, "fields": {"action_time": "2025-04-07T20:45:19.154Z", "user": ["admin"], "content_type": ["foodcartapp", "order"], "object_id": "13", "object_repr": "Контора Какая-то г. Москва, ул. Звездный бульвар, д. 25", "action_flag": 2, "change_message": "[{\"changed\": {\"fields\": [\"\\u0420\\u0435\\u0441\\u0442\\u043e\\u0440\\u0430\\u043d\\u044b\"]}}]"}}, {"model": "admin.logentry", "pk": 119, "fields": {"action_time": "2025-04-07T20:51:57.800Z", "user": ["admin"], "content_type": ["places", "place"], "object_id": "13", "object_repr": "г. Москва, ул. Звездный бульвар, д. 25", "action_flag": 3, "change_message": ""}}, {"model": "admin.logentry", "pk": 120, "fields": {"action_time": "2025-04-07T20:51:57.817Z", "user": ["admin"], "content_type": ["places", "place"], "object_id": "12", "object_repr": "Москва, ул. Новый Арбат, 15", "action_flag": 3, "change_message": ""}}, {"model": "admin.logentry", "pk": 121, "fields": {"action_time": "2025-04-07T20:51:57.827Z", "user": ["admin"], "content_type": ["places", "place"], "object_id": "11", "object_repr": "Москва, пл. Киевского Вокзала, 2", "action_flag": 3, "change_message": ""}}, {"model": "admin.logentry", "pk": 122, "fields": {"action_time": "2025-04-07T20:51:57.838Z", "user": ["admin"], "content_type": ["places", "place"], "object_id": "10", "object_repr": "Москва, Цветной бульвар, 11с2", "action_flag": 3, "change_message": ""}}, {"model": "admin.logentry", "pk": 123, "fields": {"action_time": "2025-04-07T20:51:57.848Z", "user": ["admin"], "content_type": ["places", "place"], "object_id": "9", "object_repr": "г. Астрахань, ул. Домовая, д. 42", "action_flag": 3, "change_message": ""}}]